form_file,sheet,label,sample
01.休日出勤届(様式-3)(2025.1～).xlsx,休日出勤届(新様式-3)記載例,休　日　出　勤　届,
01.休日出勤届(様式-3)(2025.1～).xlsx,休日出勤届(新様式-3)記載例,令和　６　年　１　月 ２０ 日,
01.休日出勤届(様式-3)(2025.1～).xlsx,休日出勤届(新様式-3)記載例,氏名　佐　藤　一　郎,
01.休日出勤届(様式-3)(2025.1～).xlsx,休日出勤届(新様式-3)記載例,次のとおり、休日出勤しますので届出ます。,（1）出　勤　日
01.休日出勤届(様式-3)(2025.1～).xlsx,休日出勤届(新様式-3)記載例,（1）出　勤　日,（休日の種類を○で囲む）
01.休日出勤届(様式-3)(2025.1～).xlsx,休日出勤届(新様式-3)記載例,令和　７　年　３　月　９　日　(日曜)　　１日　・　半日,第　　土曜日　・　日曜日　・　祝祭日
01.休日出勤届(様式-3)(2025.1～).xlsx,休日出勤届(新様式-3)記載例,（休日の種類を○で囲む）,"（2）出勤の事由

（該当する番号を○で囲み、必要事項を記入。）"
01.休日出勤届(様式-3)(2025.1～).xlsx,休日出勤届(新様式-3)記載例,第　　土曜日　・　日曜日　・　祝祭日,
01.休日出勤届(様式-3)(2025.1～).xlsx,休日出勤届(新様式-3)記載例,（3）代休取得の有・無,「有」の場合希望年月日
01.休日出勤届(様式-3)(2025.1～).xlsx,休日出勤届(新様式-3)記載例,「有」の場合希望年月日,
01.休日出勤届(様式-3)(2025.1～).xlsx,休日出勤届(新様式-3)記載例,令和　７年　３月２１日　(金曜)　１日 ・ 半日　・　未定,
01.休日出勤届(様式-3)(2025.1～).xlsx,休日出勤届(新様式-3)記載例,注意事項,
01.休日出勤届(様式-3)(2025.1～).xlsx,休日出勤届(新様式-3)記載例,困難な場合は、出勤日の翌日までに提出すること。,・出勤事由が③の場合、事前に上司と出勤理由について協議し、了解を得てから
01.休日出勤届(様式-3)(2025.1～).xlsx,休日出勤届(新様式-3)記載例,なお、困難な場合は、遅くとも出勤日の前日までに提出すること。,・代休の取得を希望する場合は、（3）の欄の「有」を○で囲み、代休希望日を
01.休日出勤届(様式-3)(2025.1～).xlsx,休日出勤届(新様式-3)記載例,提出先,
01.休日出勤届(様式-3)(2025.1～).xlsx,休日出勤届(新様式-3)記載例,承認,承認
01.休日出勤届(様式-3)(2025.1～).xlsx,休日出勤届(新様式-3)記載例,庶務,
01.休日出勤届(様式-3)(2025.1～).xlsx,休日出勤届(新様式-3)記載例,日時,日時
01.休日出勤届(様式-3)(2025.1～).xlsx,山岸,令和,
01.休日出勤届(様式-3)(2025.1～).xlsx,山岸,年,5
01.休日出勤届(様式-3)(2025.1～).xlsx,山岸,月,16
01.休日出勤届(様式-3)(2025.1～).xlsx,山岸,日,
01.休日出勤届(様式-3)(2025.1～).xlsx,山岸,氏名,
01.休日出勤届(様式-3)(2025.1～).xlsx,山岸,(,土
01.休日出勤届(様式-3)(2025.1～).xlsx,山岸,土,
01.休日出勤届(様式-3)(2025.1～).xlsx,山岸,曜,)
01.休日出勤届(様式-3)(2025.1～).xlsx,山岸,),
01.休日出勤届(様式-3)(2025.1～).xlsx,山岸,1日 　・ 　半日,
01.休日出勤届(様式-3)(2025.1～).xlsx,山岸,第,3
01.休日出勤届(様式-3)(2025.1～).xlsx,山岸,土曜日,
01.休日出勤届(様式-3)(2025.1～).xlsx,山岸,・,
01.休日出勤届(様式-3)(2025.1～).xlsx,山岸,日曜日,
01.休日出勤届(様式-3)(2025.1～).xlsx,山岸,祝祭日,
01.休日出勤届(様式-3)(2025.1～).xlsx,山岸,現場名等,
01.休日出勤届(様式-3)(2025.1～).xlsx,山岸,火,水
01.休日出勤届(様式-3)(2025.1～).xlsx,山岸,水,木
01.休日出勤届(様式-3)(2025.1～).xlsx,山岸,現場事情により作業等が必要な為,現場名等
01.休日出勤届(様式-3)(2025.1～).xlsx,山岸,木,金
01.休日出勤届(様式-3)(2025.1～).xlsx,山岸,金,土
01.休日出勤届(様式-3)(2025.1～).xlsx,山岸,その他,理　　由
01.休日出勤届(様式-3)(2025.1～).xlsx,山岸,取得代休の振替出勤,
01.休日出勤届(様式-3)(2025.1～).xlsx,山岸,有,月
01.休日出勤届(様式-3)(2025.1～).xlsx,山岸,無,
01.休日出勤届(様式-3)(2025.1～).xlsx,山岸,1日  ・  半日  ・  未定,
01.休日出勤届(様式-3)(2025.1～).xlsx,山岸,提出することとし、原則として出勤日の前日までに提出すること。,なお、前日までの提出が困難な場合は、出勤日の翌日までに提出すること。
01.休日出勤届(様式-3)(2025.1～).xlsx,山岸,永澤専務,
01.休日出勤届(様式-3)(2025.1～).xlsx,山岸,日付,
01.休日出勤届(様式-3)(2025.1～).xlsx,針塚,取得代休の振替出勤（七ヶ浜公園）,
02-1.休暇届(様式-1).xlsx,休暇届(様式-1) 記入例,休　　暇　　届,
02-1.休暇届(様式-1).xlsx,休暇届(様式-1) 記入例,令和　７　年　１　月 １０ 日,
02-1.休暇届(様式-1).xlsx,休暇届(様式-1) 記入例,氏名　　佐　藤　一　郎,
02-1.休暇届(様式-1).xlsx,休暇届(様式-1) 記入例,次のとおり、休暇を取得したいので届出ます。,（1）休暇希望日
02-1.休暇届(様式-1).xlsx,休暇届(様式-1) 記入例,（1）休暇希望日,
02-1.休暇届(様式-1).xlsx,休暇届(様式-1) 記入例,自　令和　７年　１月　２０日  (月曜)　　１日 ・ 半日,至　令和　７年　１月　２１日  (火曜)　　１日 ・ 半日
02-1.休暇届(様式-1).xlsx,休暇届(様式-1) 記入例,至　令和　７年　１月　２１日  (火曜)　　１日 ・ 半日,
02-1.休暇届(様式-1).xlsx,休暇届(様式-1) 記入例,日間,
02-1.休暇届(様式-1).xlsx,休暇届(様式-1) 記入例,有給休暇　・　代休　・　代休先行取得　・　欠勤,令和　　年　　　月　　　日　(　　曜)　　・　　未定
02-1.休暇届(様式-1).xlsx,休暇届(様式-1) 記入例,（3）代休の場合振替の出,勤日を記入(未定の場合
02-1.休暇届(様式-1).xlsx,休暇届(様式-1) 記入例,令和　　年　　　月　　　日　(　　曜)　　・　　未定,
02-1.休暇届(様式-1).xlsx,休暇届(様式-1) 記入例,勤日を記入(未定の場合,は未定を〇で囲む)
02-1.休暇届(様式-1).xlsx,休暇届(様式-1) 記入例,注意事項,・原則として1週間前までに、遅くとも前々日までに届け出ること。
02-1.休暇届(様式-1).xlsx,休暇届(様式-1) 記入例,欠勤を有給休暇及び代休に振り替えることができる。,但し、届出が後日となっても取得日を含めた取得日以前の届出日とすること。
02-1.休暇届(様式-1).xlsx,休暇届(様式-1) 記入例,ともに、休日出勤届（様式－３）を同時に提出すること。,・慶弔時で特別休暇に該当する場合は、本様式によらず様式－２により申請すること。
02-1.休暇届(様式-1).xlsx,休暇届(様式-1) 記入例,提出先,ＮＩＷＡＹＡホールディングス(株) 千葉幸子 ・鈴木聖子
02-1.休暇届(様式-1).xlsx,休暇届(様式-1) 記入例,承認,承認
02-1.休暇届(様式-1).xlsx,休暇届(様式-1) 記入例,庶務,
02-1.休暇届(様式-1).xlsx,休暇届(様式-1) 記入例,日時,日時
02-1.休暇届(様式-1).xlsx,滉,令和,
02-1.休暇届(様式-1).xlsx,滉,年,8
02-1.休暇届(様式-1).xlsx,滉,月,8
02-1.休暇届(様式-1).xlsx,滉,日,
02-1.休暇届(様式-1).xlsx,滉,氏名,
02-1.休暇届(様式-1).xlsx,滉,火,水
02-1.休暇届(様式-1).xlsx,滉,水,木
02-1.休暇届(様式-1).xlsx,滉,自,至
02-1.休暇届(様式-1).xlsx,滉,土,
02-1.休暇届(様式-1).xlsx,滉,曜,)
02-1.休暇届(様式-1).xlsx,滉,),１日 ・ 半日
02-1.休暇届(様式-1).xlsx,滉,１日 ・ 半日,１日 ・ 半日
02-1.休暇届(様式-1).xlsx,滉,木,金
02-1.休暇届(様式-1).xlsx,滉,至,
02-1.休暇届(様式-1).xlsx,滉,金,土
02-1.休暇届(様式-1).xlsx,滉,・,
02-1.休暇届(様式-1).xlsx,滉,未定,
02-1.休暇届(様式-1).xlsx,滉,永澤専務,
02-1.休暇届(様式-1).xlsx,滉,日付,
02-1.休暇届(様式-1).xlsx,吉田,半,
03.仮払金申請書 様式-3 2022.12.28.xlsx,説明,青文字箇所は申請者が記入、赤文字箇所は受理・発行者が記入,
03.仮払金申請書 様式-3 2022.12.28.xlsx,説明,仮払金　申請書,
03.仮払金申請書 様式-3 2022.12.28.xlsx,説明,申請日：,
03.仮払金申請書 様式-3 2022.12.28.xlsx,説明,申請者,現場名
03.仮払金申請書 様式-3 2022.12.28.xlsx,説明,申請者氏名,宮城県立こども病院院内植栽管理業務
03.仮払金申請書 様式-3 2022.12.28.xlsx,説明,申請金額,
03.仮払金申請書 様式-3 2022.12.28.xlsx,説明,円,
03.仮払金申請書 様式-3 2022.12.28.xlsx,説明,現場名,
03.仮払金申請書 様式-3 2022.12.28.xlsx,説明,受領日,精算期日
03.仮払金申請書 様式-3 2022.12.28.xlsx,説明,申請・受領者,申請受理者
03.仮払金申請書 様式-3 2022.12.28.xlsx,説明,印,印
03.仮払金申請書 様式-3 2022.12.28.xlsx,説明,精算期日,
03.仮払金申請書 様式-3 2022.12.28.xlsx,説明,申請受理者,
03.仮払金申請書 様式-3 2022.12.28.xlsx,説明,仮払金受理・発行者氏名,
03.仮払金申請書 様式-3 2022.12.28.xlsx,説明,仮払金精算書,
03.仮払金申請書 様式-3 2022.12.28.xlsx,説明,日付,
03.仮払金申請書 様式-3 2022.12.28.xlsx,説明,品目,ゴミ代
03.仮払金申請書 様式-3 2022.12.28.xlsx,説明,現場名(申請の現場名と異なる場合に記入),
03.仮払金申請書 様式-3 2022.12.28.xlsx,説明,金額,10000
03.仮払金申請書 様式-3 2022.12.28.xlsx,説明,ゴミ代,ガソリン代
03.仮払金申請書 様式-3 2022.12.28.xlsx,説明,ガソリン代,軽油代
03.仮払金申請書 様式-3 2022.12.28.xlsx,説明,軽油代,ゴミ代
03.仮払金申請書 様式-3 2022.12.28.xlsx,説明,化成肥料代,ゴミ代
03.仮払金申請書 様式-3 2022.12.28.xlsx,説明,セメント代,コンパネ代
03.仮払金申請書 様式-3 2022.12.28.xlsx,説明,コンパネ代,ゴミ代
03.仮払金申請書 様式-3 2022.12.28.xlsx,説明,ダンプ用,
03.仮払金申請書 様式-3 2022.12.28.xlsx,説明,ストック分,○○邸
03.仮払金申請書 様式-3 2022.12.28.xlsx,説明,ネジ代,
03.仮払金申請書 様式-3 2022.12.28.xlsx,説明,仮払金(申請金額),
03.仮払金申請書 様式-3 2022.12.28.xlsx,説明,残額（申請金額－合計）,
03.仮払金申請書 様式-3 2022.12.28.xlsx,説明,精算申請者,
03.仮払金申請書 様式-3 2022.12.28.xlsx,説明,精算期日：,
03.仮払金申請書 様式-3 2022.12.28.xlsx,説明,20　　　年　　　　月　　　　日,
03.仮払金申請書 様式-3 2022.12.28.xlsx,仮払金申請書(手書き用),20　　　年　　　月　　　日,
03.仮払金申請書 様式-3 2022.12.28.xlsx,仮払金申請書(手書き用),20　　　年　　　　　月　　　　　日,20　　　年　　　　　月　　　　　日
03.仮払金申請書 様式-3 2022.12.28.xlsx,仮払金申請書(手書き用),月　　日,月　　日
03.仮払金申請書 様式-3 2022.12.28.xlsx,仮払金申請書(手書き用),20　　　年　　　 月　　   日,
03.仮払金申請書 様式-3 2022.12.28.xlsx,自動入力・永澤,年,年
03.仮払金申請書 様式-3 2022.12.28.xlsx,自動入力・永澤,月,月
03.仮払金申請書 様式-3 2022.12.28.xlsx,自動入力・永澤,日,日
03.仮払金申請書 様式-3 2022.12.28.xlsx,自動入力・永澤,申請受付,仮払金発行
03.仮払金申請書 様式-3 2022.12.28.xlsx,自動入力・永澤,仮払金発行,
03.仮払金申請書 様式-3 2022.12.28.xlsx,自動入力・永澤,精算受付,仮払金精算
03.仮払金申請書 様式-3 2022.12.28.xlsx,自動入力・永澤,仮払金精算,
03.仮払金申請書 様式-3 2022.12.28.xlsx,自動入力・堀江,事務所,
03.仮払金申請書 様式-3 2022.12.28.xlsx,自動入力・加藤,小規模現場各種,
03.仮払金申請書 様式-3 2022.12.28.xlsx,自動入力・片桐,2024　年　　　 月　　   日,片桐　史登
03.仮払金申請書 様式-3 2022.12.28.xlsx,自動入力・片桐,2024年　　　　月　　　　日,
03.仮払金申請書 様式-3 2022.12.28.xlsx,自動入力・滉,針塚粋然,古川国道緑地維持工事
03.仮払金申請書 様式-3 2022.12.28.xlsx,自動入力・滉,小規模現場,
03.仮払金申請書 様式-3 2022.12.28.xlsx,自動入力・藤村,2024　 年　　　 月　　   日,藤村　貴之
03.仮払金申請書 様式-3 2022.12.28.xlsx,自動入力・藤村,2024　年　　　　月　　　　日,
03.仮払金申請書 様式-3 2022.12.28.xlsx,自動入力・高倉,2024年　　　月　　　日,
04.立替金申請書 様式-3 2022.12.28.xlsx,立替金申請書(原本),立　替　金　　申　請　書　（申請者控）,
04.立替金申請書 様式-3 2022.12.28.xlsx,立替金申請書(原本),申請日：,
04.立替金申請書 様式-3 2022.12.28.xlsx,立替金申請書(原本),2024年　　　月　　　日,
04.立替金申請書 様式-3 2022.12.28.xlsx,立替金申請書(原本),申請者,現場名
04.立替金申請書 様式-3 2022.12.28.xlsx,立替金申請書(原本),円,
04.立替金申請書 様式-3 2022.12.28.xlsx,立替金申請書(原本),現場名,申請受付
04.立替金申請書 様式-3 2022.12.28.xlsx,立替金申請書(原本),申請受付,対象者に○を記入
04.立替金申請書 様式-3 2022.12.28.xlsx,立替金申請書(原本),印,
04.立替金申請書 様式-3 2022.12.28.xlsx,立替金申請書(原本),立替金発行,
04.立替金申請書 様式-3 2022.12.28.xlsx,立替金申請書(原本),月日,
04.立替金申請書 様式-3 2022.12.28.xlsx,立替金申請書(原本),品目,
04.立替金申請書 様式-3 2022.12.28.xlsx,立替金申請書(原本),現場名(申請の現場名と異なる場合に記入),
04.立替金申請書 様式-3 2022.12.28.xlsx,立替金申請書(原本),金額,
04.立替金申請書 様式-3 2022.12.28.xlsx,立替金申請書(原本),経理部門者　受領日：,上記金額を確認し、受領しました
04.立替金申請書 様式-3 2022.12.28.xlsx,立替金申請書(原本),立替金精算,受領(申請)者：
04.立替金申請書 様式-3 2022.12.28.xlsx,立替金申請書(原本),上記金額を確認し、受領しました,
04.立替金申請書 様式-3 2022.12.28.xlsx,立替金申請書(原本),受領(申請)者：,
04.立替金申請書 様式-3 2022.12.28.xlsx,立替金申請書(原本),立　替　金　精　算　報　告　書　（申請者控）,
04.立替金申請書 様式-3 2022.12.28.xlsx,立替金申請書(原本),に申請された立替金を精算致しました。,
04.立替金申請書 様式-3 2022.12.28.xlsx,立替金申請書(原本),立替金引渡,
04.立替金申請書 様式-3 2022.12.28.xlsx,立替金申請書(原本),立替金発精算,
04.立替金申請書 様式-3 2022.12.28.xlsx,立替金申請書(永澤),2023年　　　月　　　日,5250
04.立替金申請書 様式-3 2022.12.28.xlsx,立替金申請書(永澤),受験代,
04.立替金申請書 様式-3 2022.12.28.xlsx,立替金申請書（吉田）,燃料代,燃料代
04.立替金申請書 様式-3 2022.12.28.xlsx,立替金申請書（吉田）,2025年　　　月　　　日,2025年　　　月　　　日
05.時間外労働申請書・許可書.xlsx,時間外労働申請書(手書き),時間外労働申請書,
05.時間外労働申請書・許可書.xlsx,時間外労働申請書(手書き),2022年　　月　　日,
05.時間外労働申請書・許可書.xlsx,時間外労働申請書(手書き),←申請日は「Ctrl」＋「；」で自動入力,
05.時間外労働申請書・許可書.xlsx,時間外労働申請書(手書き),工事部工事課,造園事業部管理課
05.時間外労働申請書・許可書.xlsx,時間外労働申請書(手書き),造園事業部管理課,営業部
05.時間外労働申請書・許可書.xlsx,時間外労働申請書(手書き),営業部,
05.時間外労働申請書・許可書.xlsx,時間外労働申請書(手書き),時間外労働を下記の理由により申請します。,
05.時間外労働申請書・許可書.xlsx,時間外労働申請書(手書き),予定日,
05.時間外労働申請書・許可書.xlsx,時間外労働申請書(手書き),年,
05.時間外労働申請書・許可書.xlsx,時間外労働申請書(手書き),月,
05.時間外労働申請書・許可書.xlsx,時間外労働申請書(手書き),日,～
05.時間外労働申請書・許可書.xlsx,時間外労働申請書(手書き),予定時間,
05.時間外労働申請書・許可書.xlsx,時間外労働申請書(手書き),時,
05.時間外労働申請書・許可書.xlsx,時間外労働申請書(手書き),分,から
05.時間外労働申請書・許可書.xlsx,時間外労働申請書(手書き),から,
05.時間外労働申請書・許可書.xlsx,時間外労働申請書(手書き),時間,
05.時間外労働申請書・許可書.xlsx,時間外労働申請書(手書き),勤務内容,
05.時間外労働申請書・許可書.xlsx,時間外労働申請書(手書き),事由,
05.時間外労働申請書・許可書.xlsx,時間外労働申請書(手書き),時間外労働許可証,
05.時間外労働申請書・許可書.xlsx,時間外労働申請書(手書き),殿,
05.時間外労働申請書・許可書.xlsx,時間外労働申請書(手書き),※残業分の日報を併せて提出,
05.時間外労働申請書・許可書.xlsx,時間外労働申請書(手書き),時間外労働を下記の要領で許可します。,
05.時間外労働申請書・許可書.xlsx,時間外労働申請書(手書き),永澤専務,
05.時間外労働申請書・許可書.xlsx,時間外労働申請書(自動入力),施工管理部管理課,施工管理部営業部
05.時間外労働申請書・許可書.xlsx,時間外労働申請書(自動入力),17,
05.時間外労働申請書・許可書.xlsx,時間外労働申請書(自動入力),00,
05.時間外労働申請書・許可書.xlsx,時間外労働申請書(自動入力),18,
05.時間外労働申請書・許可書.xlsx,時間外労働申請書(矢田目),総務部,
05.時間外労働申請書・許可書.xlsx,時間外労働申請書(矢田目),19,
05.時間外労働申請書・許可書.xlsx,時間外労働申請書(吉田),施工管理部営業課,
05.時間外労働申請書・許可書.xlsx,時間外労働申請書(吉田),22,
05.時間外労働申請書・許可書.xlsx,時間外労働申請書(吉田),古川国道　工程打ち合わせ、月次書類作成,
05.時間外労働申請書・許可書.xlsx,時間外労働申請書(吉田),"急ぎの対応が必要なため
月初に提出する必要があるため",
05.時間外労働申請書・許可書.xlsx,時間外労働申請書(石川),20,
05.時間外労働申請書・許可書.xlsx,時間外労働申請書(山岸),今日までに必要だったため,
05.時間外労働申請書・許可書.xlsx,時間外労働申請書(須田),30,
05.時間外労働申請書・許可書.xlsx,時間外労働申請書(針塚),職長講習受講,
08-1.工事日報.xlsx,様式13,様式-13,
08-1.工事日報.xlsx,様式13,事務所確認,
08-1.工事日報.xlsx,様式13,工　　事　　日　　報,
08-1.工事日報.xlsx,様式13,年,
08-1.工事日報.xlsx,様式13,月,
08-1.工事日報.xlsx,様式13,日,
08-1.工事日報.xlsx,様式13,現場名,
08-1.工事日報.xlsx,様式13,※現場ごとに、ダブりが発生しています！,※出来る限り正確に記入願います。
08-1.工事日報.xlsx,様式13,作業場所,
08-1.工事日報.xlsx,様式13,作業内容,
08-1.工事日報.xlsx,様式13,作業開始,
08-1.工事日報.xlsx,様式13,作業終了,
08-1.工事日報.xlsx,様式13,※協力業者は現場毎に人数を記入願います。,
08-1.工事日報.xlsx,様式13,作業員名,
08-1.工事日報.xlsx,様式13,運転者,
08-1.工事日報.xlsx,様式13,使用者,
08-1.工事日報.xlsx,様式13,電バリ,ELT-1
08-1.工事日報.xlsx,様式13,2tD,2tD
08-1.工事日報.xlsx,様式13,つ47-21,そ31-76
08-1.工事日報.xlsx,様式13,C-1,C-2
08-1.工事日報.xlsx,様式13,ELT-1,ELT-2
08-1.工事日報.xlsx,様式13,B-1,B-2
08-1.工事日報.xlsx,様式13,白エルフ,エブリー
08-1.工事日報.xlsx,様式13,そ31-76,き43-65
08-1.工事日報.xlsx,様式13,C-2,C-3
08-1.工事日報.xlsx,様式13,バリカン,ENT-1
08-1.工事日報.xlsx,様式13,ELT-2,ELT-3
08-1.工事日報.xlsx,様式13,B-2,B-3
08-1.工事日報.xlsx,様式13,軽バン,2tD
08-1.工事日報.xlsx,様式13,き43-65,ち73-80
08-1.工事日報.xlsx,様式13,C-3,C-4
08-1.工事日報.xlsx,様式13,ENT-1,ENT-2
08-1.工事日報.xlsx,様式13,ELT-3,ELT-4
08-1.工事日報.xlsx,様式13,B-3,B-4
08-1.工事日報.xlsx,様式13,ち73-80,ち78-58
08-1.工事日報.xlsx,様式13,C-4,C-5
08-1.工事日報.xlsx,様式13,ENT-2,ENT-3
08-1.工事日報.xlsx,様式13,ELT-4,ELT-5
08-1.工事日報.xlsx,様式13,B-4,B-5
08-1.工事日報.xlsx,様式13,ち78-58,き74-03
08-1.工事日報.xlsx,様式13,C-5,C-6
08-1.工事日報.xlsx,様式13,ENT-3,ENT-4
08-1.工事日報.xlsx,様式13,ELT-5,ELT-6
08-1.工事日報.xlsx,様式13,B-5,B-6
08-1.工事日報.xlsx,様式13,軽トラ,軽トラ
08-1.工事日報.xlsx,様式13,き74-03,き89-50
08-1.工事日報.xlsx,様式13,C-6,C-7
08-1.工事日報.xlsx,様式13,ENT-4,ENT-5
08-1.工事日報.xlsx,様式13,ELT-6,ELT-7
08-1.工事日報.xlsx,様式13,B-6,B-7
08-1.工事日報.xlsx,様式13,ハイゼット,ハイゼット
08-1.工事日報.xlsx,様式13,き89-50,く28-35
08-1.工事日報.xlsx,様式13,C-7,C-8
08-1.工事日報.xlsx,様式13,ENT-5,ENT-6
08-1.工事日報.xlsx,様式13,ELT-7,ELT-8
08-1.工事日報.xlsx,様式13,B-7,B-8
08-1.工事日報.xlsx,様式13,軽バンAT,軽バンAT
08-1.工事日報.xlsx,様式13,く28-35,け41-20
08-1.工事日報.xlsx,様式13,C-8,C-9
08-1.工事日報.xlsx,様式13,ENT-6,ENT-7
08-1.工事日報.xlsx,様式13,ELT-8,ELT-9
08-1.工事日報.xlsx,様式13,B-8,B-9吸
08-1.工事日報.xlsx,様式13,け41-20,さ95-16
08-1.工事日報.xlsx,様式13,C-9,C-10
08-1.工事日報.xlsx,様式13,ENT-7,ENT-8
08-1.工事日報.xlsx,様式13,ELT-9,ELT⑩
08-1.工事日報.xlsx,様式13,B-9吸,BB-1
08-1.工事日報.xlsx,様式13,さ95-16,
08-1.工事日報.xlsx,様式13,C-10,C-11
08-1.工事日報.xlsx,様式13,ENT-8,ENT-9
08-1.工事日報.xlsx,様式13,BB-1,
08-1.工事日報.xlsx,様式13,C-11,C-12
08-1.工事日報.xlsx,様式13,ENT-9,ENT-10
08-1.工事日報.xlsx,様式13,C-12,C-13
08-1.工事日報.xlsx,様式13,ENT-10,ENT-11
08-1.工事日報.xlsx,様式13,C-13,C-14
08-1.工事日報.xlsx,様式13,ENT-11,ENT⑫
08-1.工事日報.xlsx,様式13,C-14,C-15
08-1.工事日報.xlsx,様式13,刈機,K-1
08-1.工事日報.xlsx,様式13,動噴,BS-1
08-1.工事日報.xlsx,様式13,ハンドガイド,発電機　G-1
08-1.工事日報.xlsx,様式13,C-15,C-16
08-1.工事日報.xlsx,様式13,K-1,K-2
08-1.工事日報.xlsx,様式13,BS-1,BS-2
08-1.工事日報.xlsx,様式13,C-16,C-17
08-1.工事日報.xlsx,様式13,菊-1,菊-2
08-1.工事日報.xlsx,様式13,K-2,
08-1.工事日報.xlsx,様式13,BS-2,
08-1.工事日報.xlsx,様式13,C-17,C-18
08-1.工事日報.xlsx,様式13,菊-2,菊-3
08-1.工事日報.xlsx,様式13,C-18,
08-1.工事日報.xlsx,様式13,菊-3,
08-1.工事日報.xlsx,様式13,替刃,
08-1.工事日報.xlsx,様式13,台数,
08-1.工事日報.xlsx,様式13,会社名,
08-1.工事日報.xlsx,様式13,消さないで,〇
08-1.工事日報.xlsx,様式13,危険ポイント,
08-1.工事日報.xlsx,様式13,対策案,養生の徹底
08-1.工事日報.xlsx,様式13,養生の徹底,保護具の装着
08-1.工事日報.xlsx,様式13,保護具の装着,声がけ・周囲確認
08-1.工事日報.xlsx,様式13,足元確認,フルハーネスの装着
08-1.工事日報.xlsx,様式13,電線等の切断,伐採木による事故
08-1.工事日報.xlsx,様式13,手順の確認,アウトリガー確認等
08-1.工事日報.xlsx,他,除草3回目,
08-1.工事日報.xlsx,他,庄子,大幸工業
08-1.工事日報.xlsx,他,大幸工業,
08-1.工事日報.xlsx,他,髙倉,
08-1.工事日報.xlsx,他,※各日報・請求書優先でお願いします,
08-1.工事日報.xlsx,ALES宮城野,規制車,
08-1.工事日報.xlsx,ALES宮城野,ALES,
